{"cameraMode":{"drawMode":0,"name":"Shaded","section":"Shading Mode"},"sceneLighting":false,"audioPlay":false,"sceneViewState":{"showFog":true,"showMaterialUpdate":false,"showSkybox":false,"showFlares":true,"showImageEffects":true,"showParticleSystems":true},"in2DMode":false,"pivot":{"x":430.3997497558594,"y":60.0113525390625,"z":46.162353515625},"rotation":{"x":-0.06385406851768494,"y":-0.003583969082683325,"z":0.00022920791525393724,"w":-0.997955322265625},"size":222.21304321289063,"orthographic":false}